kmer,count
CCTTC,135
CTTCT,135
TTCTC,102
TCTCT,38
CTCTT,107
TCTTC,213
CTTCG,206
TTCGT,112
TCGTC,123
CGTCC,88
GTCCC,27
TCCCA,71
CCCAG,121
CCAGC,139
CAGCA,82
AGCAG,79
GCAGA,84
CAGAG,74
AGAGG,44
GAGGC,63
AGGCT,71
GGCTA,32
GCTAT,42
CTATC,35
TATCT,31
ATCTG,79
TCTGC,106
CTGCT,75
TGCTA,18
TATCG,68
ATCGG,101
TCGGC,233
CGGCC,220
GGCCA,136
GCCAG,105
CCAGA,133
CAGAA,124
AGAAC,79
GAACT,119
AACTT,85
ACTTT,60
CTTTC,99
TTTCG,146
TTCGA,154
TCGAA,143
CGAAA,116
GAAAC,59
AAACT,43
AACTG,66
ACTGG,74
CTGGG,69
TGGGA,64
GGGAG,34
GGAGG,37
GAGGT,33
AGGTG,38
GGTGC,39
GTGCT,44
TGCTG,93
GCTGA,97
CTGAC,52
TGACG,73
GACGC,96
ACGCT,37
CGCTT,82
GCTTA,41
CTTAC,31
TTACA,23
TACAT,50
ACATC,88
CATCC,102
ATCCA,78
TCCAC,62
CCACT,34
CACTA,18
ACTAG,16
CTAGG,18
TAGGA,20
AGGAC,61
GGACG,107
GACGA,121
ACGAT,80
CGATT,109
GATTT,106
ATTTC,130
TTTCT,95
TTCTG,152
TGCTT,57
GCTTC,132
CTTCA,110
TTCAC,65
TCACC,96
CACCC,44
ACCCA,56
CCCAC,29
CCACG,52
CACGA,66
ACGAC,45
CGACT,96
GACTT,88
ACTTC,117
TCGAG,69
CGAGC,123
GAGCT,62
AGCTT,76
GCTTG,71
CTTGA,75
TTGAA,77
TGAAC,68
ACTTG,44
TTGAC,58
GACGT,61
ACGTC,57
CGTCA,106
GTCAC,44
CACCG,91
ACCGT,56
CCGTC,105
CGTCG,130
GTCGA,147
TCGAT,157
CGATG,171
GATGC,101
ATGCT,61
GCTGT,50
CTGTT,52
TGTTG,40
GTTGA,80
TGAAA,56
GAAAG,106
AAAGG,61
AAGGG,48
AGGGA,51
GGGAT,59
GGATT,93
GATTG,64
ATTGG,59
TTGGC,105
TGGCT,61
GGCTT,103
CTTGG,81
TTGGA,69
TGGAC,115
GGACA,53
GACAC,28
ACACG,23
CGACA,92
GACAA,64
ACAAT,48
CAATT,52
AATTC,92
ATTCT,91
TCTCC,44
CTCCT,38
TCCTG,108
CCTGT,44
CTGTG,42
TGTGA,31
GTGAA,64
TGAAT,62
GAATG,100
AATGG,81
ATGGC,115
TGGCG,157
GGCGC,177
GCGCG,137
CGCGA,164
GCGAC,146
CGACC,121
GACCA,90
ACCAA,62
CCAAC,99
CAACC,90
AACCG,81
ACCGG,89
CCGGC,160
GGCCG,213
GCCGC,169
CCGCG,109
CGCGC,118
GCGCC,135
CGCCT,85
GCCTG,92
CCTGA,64
CTGAT,105
TGATG,148
GATGA,148
ATGAT,114
TGATT,71
GATTA,31
ATTAC,20
TTACT,19
TACTC,39
ACTCT,52
TTCGC,167
TCGCC,190
GCCTT,123
GTCCG,72
TCCGC,75
GCGCT,149
CGCTC,104
GCTCA,60
CTCAG,47
TCAGC,97
CAGCC,92
AGCCA,70
GCCAC,63
CACTC,25
CGAAG,170
GAAGG,111
AAGGC,114
AGGCG,112
GGCGA,199
GCGAA,145
GAAAT,109
AAATT,59
AATTG,47
ATTGA,60
TGACC,61
GACCT,41
ACCTT,41
CCTTA,27
CTTAG,16
TTAGA,9
TAGAC,19
AGACT,58
GACTC,79
ACTCG,81
CTCGA,79
TCGAC,139
GACCC,58
CCCAA,40
CCAAT,62
CAATC,66
AATCT,63
ATCTT,76
TCTTG,65
TGAAG,112
GAAGC,116
AAGCT,69
AGCTC,62
CTCAT,46
TCATC,120
CATCG,146
CGGCG,228
CGAAC,137
AACTC,89
CTCGT,49
TCACT,34
CACTG,42
ACTGT,25
CTGTC,59
TGTCG,103
GATGT,85
ATGTC,71
TGTCC,60
GTCCA,108
TCCAT,83
CCATC,113
TCGGA,63
CGGAA,116
GGAAT,90
AATGC,53
ATGCC,89
TGCCC,36
GCCCA,79
AGAGT,44
GAGTC,69
AGTCT,41
GTCTC,34
TCGTT,70
CGTTC,123
GTTCC,82
TTCCA,108
CCACA,41
CACAG,38
ACAGT,24
CAGTT,70
AGTTC,103
GTTCG,122
TTCGG,152
CGGCA,130
GGCAT,73
GCATT,50
CATTC,95
ATTCA,88
TTCAG,101
TCAGT,43
CTGGA,167
TGGAT,90
GGATA,59
GATAG,40
ATAGC,50
TAGCC,30
AGCCG,125
GCCGG,166
CCGGT,74
CGGTT,68
GGTTC,57
CGCCA,139
GCCAT,126
CACAT,25
ACATT,42
GCAGG,88
CAGGA,116
AGGAT,73
GGATG,103
ATGCG,78
TGCGG,85
GCGGT,66
CGGTC,115
GGTCT,71
GTCTG,73
CTGCG,109
TGCGA,86
TTCAT,85
TCATA,46
CATAG,50
ATAGT,24
TAGTC,29
AGTCG,95
GTCGT,64
GACAT,72
ATCGA,128
GAAGA,183
AAGAG,80
GAGGA,60
AGGAA,99
GGAAA,104
AAACC,66
ACCGC,85
CCGCC,91
CGCCG,204
CCGCT,55
CGCTG,82
ATGTG,34
TGTGC,28
GCTGG,110
ATGAA,82
AAAGC,75
GAAGT,107
AAGTT,59
AGTTG,51
GTTGC,54
TTGCT,68
ACGCC,108
GCCGA,203
CCGAT,111
CGATA,82
GATAT,87
ATATT,68
TATTG,37
TTGAT,88
TGATC,111
GATCT,65
TTAGT,19
AGTCA,55
GTCAT,98
TCATT,59
CATTT,61
ATTTT,49
TTTTT,36
TTTTC,90
TCTGG,141
CTGGC,129
TGGCC,146
GGCCC,62
GCCCC,35
CCCCT,18
CCCTT,47
CTTAT,34
TTATT,29
TATTT,46
ATTTG,61
TTTGG,78
GCGAG,106
CGAGT,57
GAGTT,67
AGTTT,50
GTTTG,54
TTTGT,61
TTGTA,39
TGTAC,44
GTACT,24
TACTG,32
ACTGA,56
CTGAG,53
TGAGC,57
GCTTT,74
CTTTG,82
TTTGA,58
TTGAG,50
TGAGG,47
GAGGG,34
AGGGT,37
GGGTG,33
GGTGG,73
GTGGT,45
TGGTC,82
GGTCA,82
GTCAG,58
CAGCT,91
TTAGC,20
TAGCT,27
TTTCA,68
TCAGG,81
CAGGG,68
AGGGC,63
GGGCG,98
GCGAT,132
CGATC,118
GATCA,117
ATCAT,81
AGCCT,67
CCTGG,124
GCGCA,78
CGCAG,123
CAGGC,121
AGGCC,111
GGCCT,123
CTTCC,146
CCATT,69
CTGCC,87
TGCCT,45
GCCTC,76
CCTCG,78
CTCGC,112
TCGCT,70
GATGG,151
GGCGG,113
GCGGA,99
CGGAG,50
GGAGC,60
GAGCG,99
AGCGG,74
CGGAT,90
GATCG,93
ATCGT,48
CGTTG,86
TTGGT,58
TGCGT,43
GCGTT,85
TTCCT,118
TCCTC,54
CCTCT,50
CTCTG,73
TCTGT,62
TGTTT,36
GTTTT,52
TTTTG,53
TGGAG,89
GGAGT,60
GAGTG,30
AGTGT,17
GTGTT,14
GTTTC,77
TCGCG,191
CGCGT,66
CGTTT,55
AGAGA,31
GAGAT,38
AGATT,60
ATTAT,25
TTATG,32
TATGA,40
ATGAC,79
CGCTA,43
CTATT,34
TATTC,72
TCAGA,74
AGAAT,67
ATGGA,127
TGGAA,144
GGAAG,142
AAGTA,42
AGTAA,35
GTAAA,41
TAAAG,28
AAGCA,44
GAATT,83
ATTGT,24
TTGTG,31
AAATA,32
AATAT,44
TCTCA,46
CTCAA,51
TCAAA,61
CAAAG,78
AAAGT,55
AAGTG,45
AGTGG,47
GTGGA,75
ACGAG,37
TGTTC,74
GAATA,35
TTTCC,87
CCTCC,42
CTCCC,38
CCCAT,48
CCATG,93
CATGG,106
GGCGT,106
GCGTG,55
CGTGT,26
GTGTC,41
CCGCA,111
CGCAT,83
GCATC,96
ATCCG,98
TCCGA,67
CCGAA,131
AAGAC,88
GACTG,66
TGACA,35
GACAG,49
ACAGG,49
CAGGT,60
AGGTA,21
GGTAT,35
GTATC,39
TATCC,38
TCCGT,52
CCGTT,73
TGACT,54
TTGTC,64
TGTCT,42
TCTTT,81
CTTTT,57
GATTC,132
TTCTT,112
TCTTA,22
TAGCA,22
AGCAT,48
TCCAG,167
CATAC,39
ATACC,41
TACCG,37
CCGGG,93
CGGGC,79
GGGCC,57
CCAGG,147
CGCCC,96
CCCCA,32
ACTCC,61
TCCCT,32
CCTTT,52
GTTCA,73
ATACT,37
CTCGG,88
CGGCT,127
TTCTA,35
TCTAA,16
CTAAT,10
TAATC,30
AATCG,95
CAGAC,76
AGACG,76
ACGTT,62
TTCAA,88
TCAAT,63
AATCA,53
TCATG,85
ATGGG,60
GGGAA,76
GAATC,100
ATCTC,35
TCCTT,84
TTGTT,41
TGTTA,18
GTTAT,19
TTATA,14
TATAG,14
AGCTA,31
GCTAG,21
CTAGC,18
CATCA,116
CATTA,19
TTACG,29
TACGG,33
ACGGA,37
CGGAC,70
ACAAA,46
CAAAC,57
AAACA,33
AACAG,51
CAGTC,58
GTCTT,86
CTGAA,75
TATGC,45
TGCCG,109
GCCGT,113
GTTGG,55
GTGTA,26
TGTAT,31
GTATT,38
TATTA,14
ATTAA,30
TTAAC,32
TAACA,28
AACAA,65
CAATA,38
AATAA,20
ATAAA,20
TAAAA,18
AAAAT,53
AATTA,27
TATGT,41
ATGTT,61
ACCGA,87
CCGAC,103
CGACG,124
ACGAA,103
GAACG,113
AACGG,73
ACGGT,55
GGTTG,59
GTTGT,47
TGCTC,80
GCTCG,114
GACCG,108
CGTCT,54
TTGCG,75
GCGGC,189
GCGTC,93
ATATA,19
TATAC,18
ACCTA,20
CCTAT,33
ATTGC,50
ACACC,49
CCGGA,127
ATTAG,16
TAGAA,25
AATGT,42
ATGTA,46
GTACA,50
TACAA,36
ACTCA,38
TCAAC,100
AACCC,38
ACCCT,35
CCCTG,57
CCTGC,79
CTGCA,44
TGCAC,21
GCACT,31
ACTGC,51
GCCCG,49
CCCGT,29
CGTTA,26
GTTAC,17
AAGTC,86
ATTTA,28
TTTAT,29
TATGG,43
TCACA,28
CACAC,18
ACGCA,48
CGGTA,41
ATCGC,125
GTTTA,26
TTTAC,29
TTACC,26
TACCT,21
ACCTC,41
CGCGG,137
GCCAA,109
CAACT,82
AACTA,31
ACTAT,36
CTATA,25
ATAGA,34
TCAAG,75
CAAGT,56
CCAGT,80
GAACC,63
ATCAG,89
CAGCG,112
AGCGA,80
CGAAT,99
TCGGT,105
GTCTA,15
TCTAC,30
CTACA,39
TACAC,22
CACGT,20
ATCAA,87
CAAGG,69
AAGGA,70
ACAAG,41
CAAGA,63
AAGAT,76
TGAGA,47
GAGAA,74
TCTGA,68
TGAGT,41
GAGTA,36
AGTAC,24
ACAAC,66
CAACG,85
ACGGC,123
TCACG,50
AAGAA,84
CAAGC,59
AGCAC,44
GCACA,26
CACAA,36
GGATC,57
TCTAT,28
CTATG,45
CCGTA,31
CGTAA,24
GTAAC,30
TAACC,23
AACCT,55
ACCTG,54
GTCGG,113
AAATC,95
AGTCC,51
CCACC,71
AGGCA,37
CATTG,45
CTCAC,36
ACTAC,39
CTACC,39
TACCC,23
GGAAC,99
GAACA,88
CAGTG,33
GTGGG,37
GAGCC,79
ACCAT,70
ATTCG,111
AAAGA,62
AGAAA,68
CATCT,53
ACCCG,52
CCCGA,57
AACGA,57
ACAGA,54
TCGTG,61
TATCA,34
CGTGG,62
TGGTG,81
GGTGA,81
AAGCC,99
CCAAA,63
GTCAA,73
AGATG,63
GAAAA,70
AATCC,80
AGTGA,28
GTGAG,31
GAGAC,41
AAGGT,40
AGGTC,56
ATGAG,58
AGCGC,112
GGACC,58
ACCAG,106
CCGAG,69
GAGCA,68
ACATA,36
CATAT,46
TATAT,28
ATATG,53
ATTCC,101
TTCCG,120
GACGG,102
ACGGG,31
CAAAT,47
CCTCA,36
ATCCT,72
CCTTG,82
CTTGC,63
GCTGC,79
TGCCA,58
CAAAA,54
AAAAA,31
AAAAC,48
GGCTG,81
CGGGT,55
GGGTC,63
GGTCG,120
AAGCG,66
CGAGG,62
AACGC,74
CTCTC,12
CATGC,56
ATGCA,27
GCACG,38
CACGG,38
GGCAA,98
GCAAC,72
AACGT,65
ATGGT,79
GTCGC,124
TGGCA,55
GCAAA,66
CACTT,36
ACTTA,12
CTCCA,104
TCGGG,52
CTAAG,19
TAAGT,14
AATGA,64
AGCCC,38
GATCC,68
ACGCG,48
GCGGG,55
CTGTA,28
TGTAG,31
GTAGA,31
TAGAT,28
AGATA,33
GATAA,38
ATAAG,28
TAAGC,28
TGATA,45
ACATG,46
CATGA,81
AGCTG,80
CGCAC,33
ACACT,22
CTACG,25
TACGA,21
AGATC,57
ATCAC,63
CTTTA,29
TTTAG,14
AGCAA,45
CAACA,80
AACAT,65
CGCAA,75
AAAAG,41
AGAAG,93
TCCGG,144
AGGTT,35
GGTTT,68
TTATC,32
CCCGG,55
ACTAA,13
CTAAA,16
TAAAT,27
TCCAA,86
CCAAG,73
TGCGC,92
CGAGA,39
AGCGT,54
GCGTA,36
GTAAG,23
TAAGA,20
CGGTG,76
GTGAT,68
CATGT,44
TAAAC,21
AACAC,48
ACACA,22
GGGCT,36
CTGGT,84
GTGCG,44
AGAGC,68
CTTGT,43
GGCAC,36
GCACC,39
CACCT,39
GCCCT,69
CCCTC,35
AAACG,43
CATAA,26
TCTCG,55
TAACG,28
ATCCC,40
CCATA,52
ATAGG,25
TAGGT,17
TTGCA,33
TGCAG,49
GTGAC,34
GGGTT,44
TCGCA,77
GCATG,63
CAATG,66
TGTGT,19
TTTGC,53
TACGT,14
AATAG,29
GGGCA,52
GTGCC,28
TGCAT,32
GCAGC,88
AAATG,50
GCAGT,58
GGAGA,49
GGTCC,43
ACGTG,27
CGTGA,57
TAGTG,19
GGCAG,67
GCTCC,81
TAGAG,20
TTCCC,70
CGTGC,39
CGGGA,65
GTGGC,70
ACAGC,53
GCTCT,70
GCTAC,43
CACGC,39
GTTCT,80
TGGTA,46
GGTAA,36
GTAAT,34
TAATT,27
TGGGG,38
GGGGG,16
GGGGT,19
TGTGG,45
GCCTA,29
TGCAA,27
TAGCG,43
AATAC,30
GAGAG,13
CGTAC,23
TGGTT,57
ATAAC,27
TAACT,27
TAAGG,31
TCCCG,55
CCCGC,37
CCTAG,11
TAGGG,16
TGGGC,60
GGACT,64
GGTTA,20
GTTAA,23
TTAAT,28
CGTAG,22
GTAGG,30
TAGGC,33
TGTAA,33
CTTAA,21
AACCA,68
ACCAC,44
CACCA,81
ATACG,25
TGGGT,45
TTAAA,17
CTACT,31
CAGAT,71
GTAGC,34
TTTAA,26
GCAAT,49
GTACG,21
TAGTA,7
AGTAG,31
AATTT,55
AGGAG,33
AGACC,57
TTGGG,41
CTCTA,18
CGGGG,32
GGGGC,41
TCGTA,19
AGTGC,35
CCGTG,41
GTGCA,25
GGCTC,79
CTCCG,48
GATAC,54
ATACA,38
TACAG,42
GTCCT,35
TTGCC,44
AGACA,33
CCTAC,22
ACGTA,14
TAATA,18
ATAAT,27
GGGAC,36
GGTGT,35
CAGTA,44
ATATC,65
GTTAG,15
GGTAG,31
TTAAG,23
TTTTA,15
GGTAC,22
GACTA,39
GTAGT,20
GCATA,27
TGTCA,30
AGTAT,39
GTATG,39
CCCTA,15
GGGGA,25
TAATG,24
TCCCC,17
CCCCG,22
GTGTG,16
CTAGA,18
ACCCC,20
GTACC,18
TACCA,43
TAGTT,18
TATAA,18
CGTAT,31
GTATA,20
TACTA,16
AGTTA,10
AGGGG,15
ATCTA,22
GGGTA,16
GCAAG,58
TACTT,24
TACGC,32
TCCTA,17
GCTAA,18
CCTAA,15
TTAGG,13
TCTAG,16
CTAGT,10
CCCCC,8
CTAAC,17
